{
  "project_info": {
    "project_number": "66824632590",
    "project_id": "location-reminder-25f2d",
    "storage_bucket": "location-reminder-25f2d.appspot.com"
  },
  "client": [
    {
      "client_info": {
        "mobilesdk_app_id": "1:66824632590:android:4078a41597358466b7bf5f",
        "android_client_info": {
          "package_name": "com.udacity.project4"
        }
      },
      "oauth_client": [
        {
          "client_id": "66824632590-bjj32lk57vqkageiulv699ccld44vp8q.apps.googleusercontent.com",
          "client_type": 3
        }
      ],
      "api_key": [
        {
          "current_key": "AIzaSyCD8IoESFdewMzVkbh01riXUWv7DPxK_6M"
        }
      ],
      "services": {
        "appinvite_service": {
          "other_platform_oauth_client": [
            {
              "client_id": "66824632590-bjj32lk57vqkageiulv699ccld44vp8q.apps.googleusercontent.com",
              "client_type": 3
            }
          ]
        }
      }
    }
  ],
  "configuration_version": "1"
}