{
  "project_info": {
    "project_number": "1011358888519",
    "project_id": "nd940c3-project-5417e",
    "storage_bucket": "nd940c3-project-5417e.appspot.com"
  },
  "client": [
    {
      "client_info": {
        "mobilesdk_app_id": "1:1011358888519:android:4f216acbecad288b423762",
        "android_client_info": {
          "package_name": "com.udacity"
        }
      },
      "oauth_client": [
        {
          "client_id": "1011358888519-je1qfq4vud1626dl9cofsr0q6dot9hr2.apps.googleusercontent.com",
          "client_type": 3
        }
      ],
      "api_key": [
        {
          "current_key": "AIzaSyCElqHCMACTI0f6iVKOC6YN6iTv9LdJhA0"
        }
      ],
      "services": {
        "appinvite_service": {
          "other_platform_oauth_client": [
            {
              "client_id": "1011358888519-je1qfq4vud1626dl9cofsr0q6dot9hr2.apps.googleusercontent.com",
              "client_type": 3
            }
          ]
        }
      }
    }
  ],
  "configuration_version": "1"
}